dataset,fold,model,seed,accuracy,precision,recall,f1,threshold,threshold_percentile,training_time_sec,inference_time_sec,epochs_ran,final_train_loss,final_val_loss
batadal,0,cnn,7,0.7435549525101763,0.7050691244239631,0.5503597122302158,0.6181818181818182,0.0900320187211036,95.0,115.20041049999418,0.5323472999734804,39,0.082546385956172,0.0812319066861401
batadal,0,cnn,42,0.7883310719131614,0.8388888888888889,0.5431654676258992,0.6593886462882096,0.0942471101880073,95.0,78.37097759998869,0.4274096000008285,34,0.0841930327162388,0.0842376118120939
batadal,0,cnn,123,0.7734056987788331,0.7875647668393783,0.5467625899280576,0.6454352441613588,0.0907029286026954,95.0,87.2413098999532,0.4147162000299431,37,0.083998509977163,0.0828069548891938
batadal,0,cnn,999,0.7693351424694709,0.7842105263157895,0.5359712230215827,0.6367521367521367,0.0932782739400863,95.0,86.79007899999851,1.376896300003864,29,0.0855572302069315,0.0835618503067804
batadal,0,cnn,2026,0.6933514246947082,0.6007751937984496,0.5575539568345323,0.5783582089552238,0.086176224052906,95.0,66.88780879997648,0.3221309999935329,49,0.0807399036889755,0.0798269895755726
batadal,0,lstm,7,0.6716417910447762,0.8214285714285714,0.1654676258992805,0.2754491017964072,0.2824214994907379,95.0,328.3812231000047,0.8610924999811687,50,0.2337778314582827,0.2297620902890744
batadal,0,lstm,42,0.6512890094979648,0.8888888888888888,0.0863309352517985,0.1573770491803278,0.3006426692008972,95.0,210.64133429998765,1.0263603000203148,40,0.2413612620794381,0.2427554545195206
batadal,0,lstm,123,0.6580732700135685,0.8095238095238095,0.1223021582733813,0.2125,0.287154346704483,95.0,176.25228840002092,0.9061253999825568,40,0.2373821978493255,0.2340385039215502
batadal,0,lstm,999,0.6852103120759837,0.8833333333333333,0.1906474820143885,0.3136094674556213,0.293830543756485,95.0,205.35232310002905,0.9639397000428288,40,0.2358558614025187,0.2364790808895359
batadal,0,lstm,2026,0.6485753052917232,0.9130434782608696,0.0755395683453237,0.1395348837209302,0.2956397235393524,95.0,292.6458199999761,1.277237400005106,43,0.2418315282898618,0.2390166676562765
skab,0,cnn,7,0.5378513145965549,0.4582278481012658,0.27989690721649485,0.34752,0.007182974833995104,95.0,121.7442047999939,6.625114099995699,10,0.0012763925472275195,0.00440665664797333
skab,1,cnn,7,0.5461993627674101,0.0,0.0,0.0,0.010746045969426632,95.0,189.06631759996526,1.771540299989283,9,0.0015167394507808987,0.0005215544543368727
skab,2,cnn,7,0.49487821534259047,0.013422818791946308,0.002073613271124935,0.003592276605298608,0.001807342516258359,95.0,298.7673948999727,1.4354359999997541,15,0.0014231250131034419,0.0005343230493357386
skab,3,cnn,7,0.5902168897092755,0.6432432432432432,0.18449612403100776,0.28674698795180725,0.000946091313380748,95.0,524.6008013999672,1.644181400013622,28,0.0010804896664232224,0.0003873493583871639
skab,4,cnn,7,0.5481548154815482,0.0,0.0,0.0,0.026886139065027237,95.0,48.45547440001974,1.5361578000010923,6,0.0016643041245391658,0.004272322884853802
skab,0,cnn,42,0.5419310970081596,0.466278101582015,0.2886597938144329,0.3565743393823623,0.0106077054515481,95.0,121.38504470000044,1.6136043000151403,6,0.0017540211733363,0.0014628262767893
skab,1,cnn,42,0.5436959490213928,0.0,0.0,0.0,0.0076821269467473,95.0,65.61127699998906,1.727589500020258,9,0.0015181368423615,0.0004961074621818
skab,2,cnn,42,0.5351695879808787,0.0,0.0,0.0,0.0027279322966933,95.0,193.4169461000129,2.054412600002252,19,0.0011292329315146,0.0005628745796101
skab,3,cnn,42,0.5237655745269958,0.2584269662921348,0.0356589147286821,0.0626702997275204,0.0012520069722086,95.0,186.85022319998825,5.39727270003641,17,0.001213056899424,0.0004197608334643
skab,4,cnn,42,0.5481548154815482,0.0,0.0,0.0,0.0151752429082989,95.0,101.11420120002003,2.1113096000044607,7,0.0016960977409564,0.0011011047918203
skab,0,cnn,123,0.5455575702629193,0.47333880229696473,0.29742268041237113,0.3653054764165875,0.014828247018158436,95.0,88.66652159998193,1.5548442999715917,6,0.0016364778782031553,0.0009677847262176304
skab,1,cnn,123,0.5589440145653164,0.0,0.0,0.0,0.005165085196495056,95.0,143.84420480002882,1.938701700011734,15,0.0010776975540331421,0.0005027375322019164
skab,2,cnn,123,0.5358524926018666,0.0,0.0,0.0,0.006351850926876068,95.0,75.49785589997191,1.609843100013677,9,0.0017122465806633138,0.0006028005698699455
skab,3,cnn,123,0.5133825565297646,0.0,0.0,0.0,0.022958993911743164,95.0,99.56922090001171,1.9127442999742925,6,0.001918253575242294,0.0023963170278975235
skab,4,cnn,123,0.5481548154815482,0.0,0.0,0.0,0.012817797251045704,95.0,191.168261600018,1.6678271000273526,8,0.0014989109610091457,0.0004850318273159939
skab,0,cnn,999,0.5287851314596554,0.43898156277436345,0.25773195876288657,0.3247807729782397,0.02054520696401596,95.0,94.00593939999817,1.6682123999926262,6,0.0015101680389109607,0.0018450851134088964
skab,1,cnn,999,0.5446062812926719,0.0,0.0,0.0,0.004141274373978376,95.0,104.67353770002956,1.6243588999495842,14,0.0010387132593153122,0.001410809055744671
skab,2,cnn,999,0.5440473480537218,0.0,0.0,0.0,0.010755130089819431,95.0,72.84956319996854,1.5528490000288002,10,0.0014903657692583866,0.0012637481177262475
skab,3,cnn,999,0.551915089986156,0.0,0.0,0.0,0.012130187824368477,95.0,250.7866120999679,2.008331100048963,11,0.0015149979573747833,0.0025508683454287828
skab,4,cnn,999,0.5481548154815482,0.0,0.0,0.0,0.009695535525679588,95.0,210.29199009999866,7.54382830002578,7,0.0016624613155927694,0.0012105820861692182
skab,0,cnn,2026,0.5305983680870353,0.4420866489832007,0.25773195876288657,0.32562683165092804,0.026383204385638237,95.0,84.80753120000008,1.8185111999628134,6,0.0015697716483778386,0.0033377213886969215
skab,1,cnn,2026,0.539827036868457,0.0,0.0,0.0,0.006490723229944706,95.0,169.1983189000166,1.615779800049495,12,0.001297894655126059,0.0005063708065302064
skab,2,cnn,2026,0.5174140678351924,0.0,0.0,0.0,0.0029308288358151913,95.0,174.1939582999912,1.4403392000240274,19,0.0013181667644544034,0.0004075820241864423
skab,3,cnn,2026,0.5163820950622982,0.1574468085106383,0.019121447028423774,0.034101382488479264,0.0020300501491874456,95.0,254.469408200006,1.8715308999526314,19,0.0011356202643383224,0.00069891252276718
skab,4,cnn,2026,0.5263276327632763,0.0,0.0,0.0,0.0010343288304284215,95.0,257.2837468999787,1.4787916000350378,30,0.0009457696645371621,0.0005205241369432398
skab,0,lstm,42,0.4381233000906618,0.2506938020351526,0.1396907216494845,0.1794107911287653,0.0021047845948487,95.0,838.0694283000194,6.053508999990299,13,0.0020641149885263,0.0003977509053297
skab,1,lstm,42,0.5209376422394174,0.2040816326530612,0.0310719834282755,0.0539325842696629,0.0017133726505562,95.0,797.843083099986,4.726494400005322,17,0.0018967010192587,0.0004344458790872
skab,2,lstm,42,0.4841793762804461,0.0,0.0,0.0,0.0018820824334397,95.0,689.7461966000265,4.885972000018228,20,0.0015781235747282,0.0022100867825204
skab,3,lstm,42,0.6377480387632672,0.7398160315374507,0.2909560723514212,0.4176557863501484,0.0018819528631865,95.0,631.61427000002,25.99080879997928,17,0.0015205455328206,0.0005874876867406
skab,4,lstm,42,0.5112511251125113,0.0,0.0,0.0,0.0015957519644871,95.0,755.4494537999853,5.285419000021648,13,0.0017183272601379,0.0009171241009225
